Provinces/city,Population density,Average population,Sex ratio,Population grow ratio,15+ labor,Region,Year,Labor_rate (%)
Ha Noi,2031.1,6761.3,97.8,1.93,3572.9,Hong river Delta,2011,52.84338810583763
Vinh Phuc,818.0,1011.4,97.6,0.38,608.3,Hong river Delta,2011,60.14435436029266
Bac Ninh,1292.6,1063.4,96.7,1.84,593.5,Hong river Delta,2011,55.811547865337594
Quang Ninh,191.4,1168.0,105.4,0.93,675.0,Hong river Delta,2011,57.79109589041096
Hai Duong,1044.6,1729.8,96.1,0.78,1071.0,Hong river Delta,2011,61.91467221644121
Hai Phong,1234.0,1879.8,98.5,1.19,1075.3,Hong river Delta,2011,57.20289392488562
Hung Yen,1229.4,1138.4,97.1,0.54,707.1,Hong river Delta,2011,62.11349262122277
Thai Binh,1137.5,1785.9,94.6,0.07,1134.2,Hong river Delta,2011,63.50859510610897
Ha Nam,914.5,786.9,95.5,0.07,464.0,Hong river Delta,2011,58.965561062396745
Nam Dinh,1110.3,1833.5,95.8,0.19,1082.2,Hong river Delta,2011,59.023725115898564
Ninh Binh,652.9,907.7,99.1,0.66,553.0,Hong river Delta,2011,60.92321251514817
Ha Giang,94.3,746.6,99.8,1.75,467.7,Midlands and northern mountains,2011,62.64398607018483
Cao Bang,76.6,514.0,98.3,0.18,341.2,Midlands and northern mountains,2011,66.38132295719844
Bac Kan,61.8,300.4,102.6,0.99,199.6,Midlands and northern mountains,2011,66.44474034620507
Tuyen Quang,125.3,734.9,100.5,0.76,450.3,Midlands and northern mountains,2011,61.27364267247245
Lao Cai,99.8,637.0,101.3,1.63,377.8,Midlands and northern mountains,2011,59.30926216640503
Yen Bai,110.2,758.6,99.7,0.98,478.5,Midlands and northern mountains,2011,63.07672027418929
Thai Nguyen,322.6,1139.4,97.2,0.72,687.7,Midlands and northern mountains,2011,60.356327891872915
Lang Son,89.0,740.8,99.6,0.61,480.1,Midlands and northern mountains,2011,64.80831533477323
Bac Giang,411.5,1581.8,98.5,0.76,989.4,Midlands and northern mountains,2011,62.54899481603237
Phu Tho,376.2,1329.3,97.3,0.51,841.3,Midlands and northern mountains,2011,63.288949070939594
Dien Bien,53.4,510.8,100.1,1.92,300.4,Midlands and northern mountains,2011,58.80971025841816
Lai Chau,42.9,389.4,104.7,2.27,224.8,Midlands and northern mountains,2011,57.72984078068825
Son La,78.9,1118.6,101.0,1.79,684.0,Midlands and northern mountains,2011,61.14786340067943
Hoa Binh,173.4,799.0,98.3,0.93,536.2,Midlands and northern mountains,2011,67.10888610763455
Thanh Hoa,308.8,3437.7,97.7,0.47,2225.1,North Central and Central Coast,2011,64.72641591761933
Nghe An,179.2,2955.9,98.5,0.75,1757.8,North Central and Central Coast,2011,59.46750566663284
Ha Tinh,206.4,1237.8,97.8,0.42,702.3,North Central and Central Coast,2011,56.737760542898684
Quang Binh,105.8,853.4,100.1,0.56,484.4,North Central and Central Coast,2011,56.76119053198969
Quang Tri,127.6,604.7,97.9,0.51,334.0,North Central and Central Coast,2011,55.23400033074252
Thua Thien Hue,219.2,1103.1,98.0,1.12,596.8,North Central and Central Coast,2011,54.102075967727316
Da Nang,736.0,946.0,95.7,2.53,496.2,North Central and Central Coast,2011,52.452431289640586
Quang Nam,138.2,1442.7,95.6,0.66,811.6,North Central and Central Coast,2011,56.25563180148333
Quang Ngai,237.8,1225.2,97.3,0.35,711.0,North Central and Central Coast,2011,58.03134182174339
Binh Dinh,247.6,1498.2,95.1,0.42,880.4,North Central and Central Coast,2011,58.76384995327726
Phu Yen,171.9,870.0,100.2,0.45,513.1,North Central and Central Coast,2011,58.97701149425287
Khanh Hoa,224.5,1171.4,98.0,0.61,656.6,North Central and Central Coast,2011,56.05258664845484
Ninh Thuan,170.9,574.1,100.9,0.81,317.2,North Central and Central Coast,2011,55.25169831039888
Binh Thuan,151.6,1184.5,100.9,0.66,664.4,North Central and Central Coast,2011,56.09117771211481
Kon Tum,46.6,451.6,109.7,2.15,259.7,Highlands,2011,57.50664304694419
Gia Lai,85.1,1321.7,103.1,1.55,783.9,Highlands,2011,59.30997957176364
Dak Lak,134.9,1770.5,101.9,1.02,1012.2,Highlands,2011,57.17029087828297
Dak Nong,79.7,519.6,112.2,3.13,306.6,Highlands,2011,59.00692840646652
Lam Dong,124.7,1218.7,100.1,1.21,689.1,Highlands,2011,56.543858209567574
Binh Phuoc,130.6,897.3,101.9,1.29,531.7,South East,2011,59.25554441101082
Tay Ninh,267.8,1082.0,98.2,0.72,644.5,South East,2011,59.565619223659894
Binh Duong,615.8,1659.1,92.7,4.3,1077.6,South East,2011,64.95087698149598
Dong Nai,446.9,2640.2,96.8,2.67,1553.8,South East,2011,58.851602151352175
Ba Ria - Vung Tau,513.9,1022.5,99.9,1.1,553.9,South East,2011,54.17114914425427
Ho Chi Minh,3578.2,7498.4,91.1,2.07,4000.9,South East,2011,53.35671609943455
Long An,322.7,1449.9,98.7,0.49,841.7,Mekong Delta,2011,58.05227946754948
Tien Giang,670.8,1682.6,97.2,0.27,987.7,Mekong Delta,2011,58.70082015927731
Ben Tre,532.7,1257.4,96.3,0.06,777.1,Mekong Delta,2011,61.802131382217276
Tra Vinh,432.7,1013.1,97.1,0.5,616.6,Mekong Delta,2011,60.86269864771493
Vinh Long,687.5,1029.1,97.1,0.25,622.8,Mekong Delta,2011,60.51890000971723
Dong Thap,495.0,1671.7,99.3,0.12,994.4,Mekong Delta,2011,59.48435724113178
An Giang,607.6,2149.0,98.9,0.03,1300.4,Mekong Delta,2011,60.51186598417869
Kien Giang,269.5,1710.9,101.1,0.72,1008.6,Mekong Delta,2011,58.95142907241803
Can Tho,857.3,1208.0,98.8,0.84,690.7,Mekong Delta,2011,57.1771523178808
Hau Giang,475.3,761.7,101.6,0.25,456.0,Mekong Delta,2011,59.86608901142182
Soc Trang,392.1,1298.4,98.8,0.21,744.1,Mekong Delta,2011,57.30899568699939
Bac Lieu,350.3,864.9,99.0,0.46,514.0,Mekong Delta,2011,59.428835703549545
Ca Mau,228.5,1210.0,101.0,0.13,684.3,Mekong Delta,2011,56.55371900826446
Ha Noi,2065.6,6865.2,95.4,1.54,3702.5,Hong river Delta,2012,53.93142224552817
Vinh Phuc,826.8,1022.4,97.6,1.09,607.2,Hong river Delta,2012,59.38967136150235
Bac Ninh,1319.8,1085.8,96.8,2.1,625.3,Hong river Delta,2012,57.58887456253453
Quang Ninh,193.0,1177.7,103.4,0.83,691.9,Hong river Delta,2012,58.75010613908466
Hai Duong,1051.8,1741.7,96.1,0.69,1060.6,Hong river Delta,2012,60.89452833438593
Hai Phong,1249.5,1904.1,98.6,1.29,1089.0,Hong river Delta,2012,57.19237435008666
Hung Yen,1235.5,1144.1,97.5,0.5,702.0,Hong river Delta,2012,61.35827287824491
Thai Binh,1138.5,1787.4,93.8,0.08,1113.1,Hong river Delta,2012,62.274812576927374
Ha Nam,920.6,792.2,96.1,0.68,469.2,Hong river Delta,2012,59.227467811158796
Nam Dinh,1110.4,1835.1,95.8,0.09,1112.1,Hong river Delta,2012,60.60160209252901
Ninh Binh,667.6,919.1,99.3,1.26,553.4,Hong river Delta,2012,60.211076052660204
Ha Giang,96.2,761.6,99.9,2.01,463.4,Midlands and northern mountains,2012,60.845588235294116
Cao Bang,76.8,515.2,98.1,0.23,343.8,Midlands and northern mountains,2012,66.73136645962732
Bac Kan,62.4,303.0,102.4,0.86,204.8,Midlands and northern mountains,2012,67.59075907590758
Tuyen Quang,126.3,740.8,100.1,0.8,467.0,Midlands and northern mountains,2012,63.03995680345573
Lao Cai,101.3,646.5,101.3,1.5,396.7,Midlands and northern mountains,2012,61.36117556071152
Yen Bai,111.2,765.7,99.3,0.93,479.6,Midlands and northern mountains,2012,62.63549693091289
Thai Nguyen,325.1,1149.1,97.2,0.85,716.5,Midlands and northern mountains,2012,62.35314594030111
Lang Son,89.6,745.3,99.8,0.6,488.1,Midlands and northern mountains,2012,65.49040654769892
Bac Giang,413.9,1592.9,98.4,0.7,999.1,Midlands and northern mountains,2012,62.72207922656789
Phu Tho,379.5,1340.8,97.3,0.86,855.1,Midlands and northern mountains,2012,63.775357995226734
Dien Bien,54.3,519.7,100.2,1.74,306.4,Midlands and northern mountains,2012,58.957090629209155
Lai Chau,43.8,397.3,104.9,2.03,238.2,Midlands and northern mountains,2012,59.95469418575383
Son La,80.0,1134.4,101.0,1.41,710.9,Midlands and northern mountains,2012,62.667489421720724
Hoa Binh,174.7,805.2,98.2,0.77,539.6,Midlands and northern mountains,2012,67.01440635866865
Thanh Hoa,310.6,3457.9,97.6,0.59,2138.1,North Central and Central Coast,2012,61.83232597819486
Nghe An,180.9,2983.3,98.4,0.92,1826.3,North Central and Central Coast,2012,61.21744377032145
Ha Tinh,207.3,1243.2,97.7,0.44,706.4,North Central and Central Coast,2012,56.82110682110682
Quang Binh,106.4,858.3,100.1,0.57,513.8,North Central and Central Coast,2012,59.86251893277409
Quang Tri,128.3,608.2,98.1,0.57,332.4,North Central and Central Coast,2012,54.653074646497856
Thua Thien Hue,221.3,1113.9,97.8,0.98,614.8,North Central and Central Coast,2012,55.193464404345086
Da Nang,751.8,966.3,97.3,2.14,508.8,North Central and Central Coast,2012,52.65445513815585
Quang Nam,139.2,1452.9,95.7,0.71,838.7,North Central and Central Coast,2012,57.725927455433954
Quang Ngai,238.7,1229.8,97.3,0.37,725.7,North Central and Central Coast,2012,59.00959505610669
Binh Dinh,248.3,1502.4,95.1,0.28,893.9,North Central and Central Coast,2012,59.49813631522897
Phu Yen,173.1,876.1,100.2,0.7,540.5,North Central and Central Coast,2012,61.69387056272115
Khanh Hoa,226.2,1180.1,97.7,0.75,650.7,North Central and Central Coast,2012,55.139394966528265
Ninh Thuan,172.5,579.4,101.6,0.91,318.1,North Central and Central Coast,2012,54.90162236796687
Binh Thuan,152.5,1191.6,101.1,0.6,701.1,North Central and Central Coast,2012,58.836858006042306
Kon Tum,47.8,462.7,113.5,2.46,265.0,Highlands,2012,57.27253079749298
Gia Lai,86.3,1340.5,104.3,1.42,797.3,Highlands,2012,59.47780678851174
Dak Lak,136.5,1791.4,101.8,1.18,1033.1,Highlands,2012,57.669978787540465
Dak Nong,82.4,536.7,114.1,3.3,320.7,Highlands,2012,59.75405254332028
Lam Dong,126.1,1232.0,100.1,1.09,720.4,Highlands,2012,58.47402597402597
Binh Phuoc,132.3,908.9,101.9,1.29,568.4,South East,2012,62.53713279788755
Tay Ninh,269.7,1089.7,97.7,0.71,649.2,South East,2012,59.57603010002753
Binh Duong,642.4,1731.0,93.1,4.33,1147.2,South East,2012,66.27383015597921
Dong Nai,458.4,2707.8,96.2,2.56,1585.0,South East,2012,58.534603737351354
Ba Ria - Vung Tau,519.2,1033.0,99.8,1.03,567.8,South East,2012,54.966118102613734
Ho Chi Minh,3655.4,7660.3,93.1,2.16,4086.4,South East,2012,53.34516924924612
Long An,325.1,1460.3,98.7,0.72,894.2,Mekong Delta,2012,61.23399301513388
Tien Giang,674.8,1692.5,96.2,0.59,1029.4,Mekong Delta,2012,60.821270310192034
Ben Tre,534.0,1258.9,96.1,0.12,770.8,Mekong Delta,2012,61.22805623957422
Tra Vinh,435.0,1018.4,97.0,0.52,604.4,Mekong Delta,2012,59.34799685781618
Vinh Long,687.4,1034.5,97.2,0.53,619.1,Mekong Delta,2012,59.845335911068155
Dong Thap,496.0,1675.0,99.2,0.2,985.2,Mekong Delta,2012,58.8179104477612
An Giang,608.3,2151.2,98.9,0.1,1304.4,Mekong Delta,2012,60.63592413536632
Kien Giang,271.5,1723.8,101.0,0.76,1036.8,Mekong Delta,2012,60.14618865297599
Can Tho,864.7,1218.3,98.9,0.85,698.9,Mekong Delta,2012,57.366822621685955
Hau Giang,476.6,763.8,101.6,0.28,456.4,Mekong Delta,2012,59.75386226760933
Soc Trang,393.0,1301.5,98.7,0.24,749.4,Mekong Delta,2012,57.579715712639256
Bac Lieu,352.1,869.3,98.9,0.5,516.0,Mekong Delta,2012,59.35810422178764
Ca Mau,228.9,1212.1,100.8,0.17,697.7,Mekong Delta,2012,57.561257322003144
Ha Noi,2098.8,6977.0,96.4,1.63,3799.6,Hong river Delta,2013,54.45893650566146
Vinh Phuc,831.1,1029.4,97.6,0.68,613.2,Hong river Delta,2013,59.56868078492326
Bac Ninh,1347.0,1108.2,96.6,2.06,642.1,Hong river Delta,2013,57.940804908861224
Quang Ninh,194.6,1187.5,106.0,0.82,711.4,Hong river Delta,2013,59.90736842105263
Hai Duong,1057.9,1751.8,95.7,0.58,1077.0,Hong river Delta,2013,61.47962096129695
Hai Phong,1260.4,1925.2,98.7,1.11,1125.6,Hong river Delta,2013,58.46665281529191
Hung Yen,1243.6,1151.6,97.6,0.66,708.3,Hong river Delta,2013,61.50573115665161
Thai Binh,1138.6,1788.1,93.7,0.04,1103.6,Hong river Delta,2013,61.71914322465186
Ha Nam,925.0,796.0,96.8,0.48,473.7,Hong river Delta,2013,59.510050251256274
Nam Dinh,1113.2,1839.9,96.0,0.26,1145.4,Hong river Delta,2013,62.253383336050874
Ninh Binh,672.8,927.2,99.1,0.87,584.1,Hong river Delta,2013,62.99611734253667
Ha Giang,98.0,775.8,100.6,1.86,499.1,Midlands and northern mountains,2013,64.33359113173499
Cao Bang,77.2,517.9,98.0,0.53,356.1,Midlands and northern mountains,2013,68.75844757675227
Bac Kan,62.8,305.2,103.1,0.7,214.9,Midlands and northern mountains,2013,70.41284403669725
Tuyen Quang,127.3,747.2,99.7,0.87,479.1,Midlands and northern mountains,2013,64.11937901498929
Lao Cai,102.7,655.9,101.0,1.45,405.3,Midlands and northern mountains,2013,61.792956243329776
Yen Bai,112.5,774.6,99.4,1.16,495.9,Midlands and northern mountains,2013,64.02013942680092
Thai Nguyen,326.9,1156.0,97.2,0.6,716.3,Midlands and northern mountains,2013,61.963667820069205
Lang Son,90.1,749.7,99.6,0.6,498.5,Midlands and northern mountains,2013,66.49326397225556
Bac Giang,417.7,1608.0,96.6,0.95,1000.0,Midlands and northern mountains,2013,62.189054726368155
Phu Tho,382.4,1351.2,97.3,0.78,867.0,Midlands and northern mountains,2013,64.1651865008881
Dien Bien,55.3,528.5,100.3,1.69,327.7,Midlands and northern mountains,2013,62.005676442762535
Lai Chau,44.7,405.7,103.0,2.1,246.4,Midlands and northern mountains,2013,60.73453290608825
Son La,81.2,1150.5,101.2,1.42,721.8,Midlands and northern mountains,2013,62.73794002607561
Hoa Binh,175.8,810.3,97.7,0.64,552.0,Midlands and northern mountains,2013,68.12291743798593
Thanh Hoa,312.4,3477.7,97.2,0.57,2224.2,North Central and Central Coast,2013,63.95606291514506
Nghe An,182.6,3011.3,98.0,0.94,1920.4,North Central and Central Coast,2013,63.773121243316844
Ha Tinh,208.3,1249.1,97.0,0.48,700.9,North Central and Central Coast,2013,56.11240092866865
Quang Binh,107.1,863.4,100.2,0.59,516.5,North Central and Central Coast,2013,59.8216353949502
Quang Tri,129.3,613.0,97.3,0.8,346.2,North Central and Central Coast,2013,56.476345840130506
Thua Thien Hue,223.1,1122.7,97.6,0.79,636.6,North Central and Central Coast,2013,56.70259196579674
Da Nang,767.7,986.8,97.3,2.12,527.6,North Central and Central Coast,2013,53.46574787190921
Quang Nam,140.2,1463.2,95.7,0.71,858.2,North Central and Central Coast,2013,58.65226899945325
Quang Ngai,240.0,1236.3,97.4,0.52,726.2,North Central and Central Coast,2013,58.73978807732752
Binh Dinh,249.4,1509.3,95.1,0.46,920.1,North Central and Central Coast,2013,60.96203538064003
Phu Yen,174.3,882.0,100.2,0.67,545.4,North Central and Central Coast,2013,61.836734693877546
Khanh Hoa,227.8,1188.4,97.9,0.7,677.0,North Central and Central Coast,2013,56.96735106024907
Ninh Thuan,174.2,584.9,101.9,0.94,325.1,North Central and Central Coast,2013,55.5821507950077
Binh Thuan,153.5,1199.5,100.9,0.66,697.0,North Central and Central Coast,2013,58.10754481033764
Kon Tum,48.8,473.3,113.8,2.28,278.9,Highlands,2013,58.926684977815334
Gia Lai,87.5,1359.1,105.5,1.39,821.5,Highlands,2013,60.44441174306526
Dak Lak,138.1,1812.8,101.3,1.19,1077.6,Highlands,2013,59.443954104148276
Dak Nong,85.2,555.1,109.3,3.42,349.2,Highlands,2013,62.90758421905962
Lam Dong,127.4,1245.4,99.6,1.09,722.2,Highlands,2013,57.98940099566404
Binh Phuoc,134.0,920.7,101.9,1.3,562.2,South East,2013,61.06223525578365
Tay Ninh,272.0,1096.9,96.9,0.66,647.9,South East,2013,59.06646002370316
Binh Duong,669.0,1802.5,93.3,4.13,1197.7,South East,2013,66.44660194174757
Dong Nai,469.4,2772.7,95.6,2.4,1580.0,South East,2013,56.984167057380894
Ba Ria - Vung Tau,526.0,1046.5,99.4,1.31,577.6,South East,2013,55.19350215002389
Ho Chi Minh,3731.6,7820.0,93.2,2.08,4122.3,South East,2013,52.714833759590796
Long An,327.2,1469.9,98.7,0.65,898.1,Mekong Delta,2013,61.09939451663379
Tien Giang,679.0,1703.4,96.3,0.65,1072.3,Mekong Delta,2013,62.95056944933661
Ben Tre,534.3,1260.6,96.0,0.13,775.8,Mekong Delta,2013,61.5421227986673
Tra Vinh,437.3,1023.9,96.6,0.54,607.9,Mekong Delta,2013,59.371032327375715
Vinh Long,682.7,1037.8,96.8,0.32,625.2,Mekong Delta,2013,60.24282135286183
Dong Thap,496.7,1678.4,98.8,0.2,986.0,Mekong Delta,2013,58.746425166825546
An Giang,608.8,2153.3,98.6,0.1,1275.8,Mekong Delta,2013,59.248595179491936
Kien Giang,273.2,1734.3,100.7,0.61,990.8,Mekong Delta,2013,57.12967767975552
Can Tho,871.9,1228.5,98.7,0.83,698.6,Mekong Delta,2013,56.86609686609687
Hau Giang,478.2,766.2,101.4,0.31,462.3,Mekong Delta,2013,60.33672670321065
Soc Trang,394.0,1304.7,98.3,0.24,729.3,Mekong Delta,2013,55.897907564957464
Bac Lieu,353.9,873.6,98.5,0.5,504.5,Mekong Delta,2013,57.74954212454212
Ca Mau,229.3,1214.2,100.7,0.18,696.2,Mekong Delta,2013,57.33816504694449
Ha Noi,2134.0,7095.9,95.0,1.7,3832.4,Hong river Delta,2014,54.00865288405981
Vinh Phuc,842.0,1041.9,96.8,1.22,631.2,Hong river Delta,2014,60.58162971494385
Bac Ninh,1375.0,1131.2,96.7,2.08,658.2,Hong river Delta,2014,58.18599717114569
Quang Ninh,197.0,1199.4,100.5,1.01,697.2,Hong river Delta,2014,58.12906453226613
Hai Duong,1065.0,1763.2,95.8,0.65,1049.5,Hong river Delta,2014,59.52245916515426
Hai Phong,1274.0,1946.0,98.7,1.08,1127.7,Hong river Delta,2014,57.94964028776979
Hung Yen,1251.0,1158.1,97.3,0.56,705.0,Hong river Delta,2014,60.87557205768069
Thai Binh,1139.0,1788.7,93.7,0.03,1115.3,Hong river Delta,2014,62.352546542181464
Ha Nam,927.0,799.4,97.3,0.43,472.4,Hong river Delta,2014,59.09432074055542
Nam Dinh,1116.0,1845.6,96.1,0.31,1157.8,Hong river Delta,2014,62.73298656263546
Ninh Binh,679.0,935.8,96.2,0.93,585.8,Hong river Delta,2014,62.598845907245135
Ha Giang,100.0,788.8,100.4,1.68,505.3,Midlands and northern mountains,2014,64.05933062880325
Cao Bang,78.0,520.2,98.0,0.43,357.3,Midlands and northern mountains,2014,68.68512110726644
Bac Kan,63.0,307.3,101.0,0.69,219.6,Midlands and northern mountains,2014,71.46111291897168
Tuyen Quang,128.0,753.8,98.7,0.88,485.1,Midlands and northern mountains,2014,64.35394003714514
Lao Cai,104.0,665.2,102.4,1.41,412.6,Midlands and northern mountains,2014,62.02645820805772
Yen Bai,114.0,783.5,99.5,1.16,503.5,Midlands and northern mountains,2014,64.26292278238672
Thai Nguyen,332.0,1173.2,97.2,1.49,715.9,Midlands and northern mountains,2014,61.02113876576883
Lang Son,91.0,753.7,100.0,0.53,505.1,Midlands and northern mountains,2014,67.01605413294413
Bac Giang,422.0,1624.5,98.7,1.03,1022.6,Midlands and northern mountains,2014,62.948599569098185
Phu Tho,385.0,1360.2,97.3,0.67,839.6,Midlands and northern mountains,2014,61.72621673283341
Dien Bien,56.0,538.1,100.2,1.82,345.4,Midlands and northern mountains,2014,64.18881248838505
Lai Chau,46.0,415.3,101.1,2.38,251.1,Midlands and northern mountains,2014,60.46231639778473
Son La,82.0,1166.4,101.5,1.38,734.7,Midlands and northern mountains,2014,62.98868312757202
Hoa Binh,177.0,817.4,98.5,0.86,550.7,Midlands and northern mountains,2014,67.3721556153658
Thanh Hoa,314.0,3496.1,97.9,0.53,2231.8,North Central and Central Coast,2014,63.836846772117504
Nghe An,184.0,3037.4,98.7,0.87,1953.1,North Central and Central Coast,2014,64.30170540593927
Ha Tinh,209.0,1255.3,96.5,0.49,727.8,North Central and Central Coast,2014,57.9781725483948
Quang Binh,108.0,868.2,100.2,0.56,528.9,North Central and Central Coast,2014,60.919143054595715
Quang Tri,130.0,616.4,97.1,0.55,348.6,North Central and Central Coast,2014,56.55418559377029
Thua Thien Hue,225.0,1131.8,98.1,0.8,662.6,North Central and Central Coast,2014,58.543912352005655
Da Nang,784.0,1007.7,96.6,2.11,541.2,North Central and Central Coast,2014,53.706460256028585
Quang Nam,141.0,1471.8,95.7,0.59,890.3,North Central and Central Coast,2014,60.49055578203561
Quang Ngai,241.0,1241.4,97.1,0.42,753.8,North Central and Central Coast,2014,60.72176574834863
Binh Dinh,250.0,1514.5,95.5,0.34,931.4,North Central and Central Coast,2014,61.498844503136354
Phu Yen,175.0,887.4,100.1,0.61,538.8,North Central and Central Coast,2014,60.71670047329276
Khanh Hoa,229.0,1196.9,97.6,0.71,691.0,North Central and Central Coast,2014,57.732475561868156
Ninh Thuan,176.0,590.4,101.8,0.94,333.9,North Central and Central Coast,2014,56.55487804878049
Binh Thuan,155.0,1207.4,100.2,0.66,705.4,North Central and Central Coast,2014,58.42305781017061
Kon Tum,50.0,484.2,113.9,2.32,288.4,Highlands,2014,59.562164394878145
Gia Lai,89.0,1377.8,99.3,1.37,833.3,Highlands,2014,60.48047612135288
Dak Lak,140.0,1833.3,101.3,1.13,1092.7,Highlands,2014,59.602901870943114
Dak Nong,88.0,571.3,102.3,2.91,353.5,Highlands,2014,61.87642219499387
Lam Dong,129.0,1259.3,100.3,1.11,748.9,Highlands,2014,59.46954657349322
Binh Phuoc,136.0,932.5,99.1,1.29,564.2,South East,2014,60.50402144772118
Tay Ninh,274.0,1104.2,97.9,0.67,636.7,South East,2014,57.66165549719254
Binh Duong,695.0,1873.6,93.3,3.94,1268.7,South East,2014,67.71456020495303
Dong Nai,481.0,2838.6,95.0,2.38,1627.5,South East,2014,57.33460156415134
Ba Ria - Vung Tau,533.0,1059.5,99.7,1.24,537.4,South East,2014,50.72203869749882
Ho Chi Minh,3809.0,7981.9,92.2,2.07,4188.5,South East,2014,52.474974630100604
Long An,329.0,1477.3,98.7,0.51,890.9,Mekong Delta,2014,60.30596358221079
Tien Giang,684.0,1716.1,96.3,0.75,1050.8,Mekong Delta,2014,61.23186294504982
Ben Tre,535.0,1262.2,96.2,0.13,808.6,Mekong Delta,2014,64.06274758358423
Tra Vinh,440.0,1029.3,96.3,0.53,609.7,Mekong Delta,2014,59.234431166812406
Vinh Long,685.0,1041.5,97.0,0.36,627.6,Mekong Delta,2014,60.25924147863658
Dong Thap,498.0,1681.3,99.8,0.17,1016.8,Mekong Delta,2014,60.47701183607922
An Giang,610.0,2155.8,98.1,0.11,1218.3,Mekong Delta,2014,56.51266351238519
Kien Giang,275.0,1745.5,100.4,0.64,1007.1,Mekong Delta,2014,57.69693497565168
Can Tho,879.0,1238.3,98.4,0.8,700.0,Mekong Delta,2014,56.52911249293386
Hau Giang,480.0,768.4,99.5,0.28,453.3,Mekong Delta,2014,58.99271212909943
Soc Trang,395.0,1307.7,100.3,0.24,699.6,Mekong Delta,2014,53.498508832300985
Bac Lieu,356.0,877.9,101.3,0.48,505.8,Mekong Delta,2014,57.614762501423854
Ca Mau,230.0,1216.4,100.6,0.18,700.1,Mekong Delta,2014,57.555080565603426
Ha Noi,2171.0,7216.0,95.6,1.51,3820.9,Hong river Delta,2015,52.95038802660754
Vinh Phuc,852.0,1054.5,96.8,1.21,631.4,Hong river Delta,2015,59.87671882408724
Bac Ninh,1404.0,1154.7,96.8,2.07,661.7,Hong river Delta,2015,57.304927686845076
Quang Ninh,199.0,1211.3,100.5,0.99,692.4,Hong river Delta,2015,57.16172707008999
Hai Duong,1072.0,1774.5,95.9,0.64,1037.5,Hong river Delta,2015,58.467173851789234
Hai Phong,1285.0,1963.3,98.8,0.89,1128.1,Hong river Delta,2015,57.459379615952734
Hung Yen,1257.0,1164.4,97.0,0.52,702.4,Hong river Delta,2015,60.3229130882858
Thai Binh,1139.0,1789.2,93.6,0.02,1110.8,Hong river Delta,2015,62.083612787838135
Ha Nam,931.0,802.7,97.7,0.42,472.1,Hong river Delta,2015,58.81400274074997
Nam Dinh,1119.0,1850.6,96.2,0.27,1150.5,Hong river Delta,2015,62.16902626175295
Ninh Binh,686.0,944.4,99.5,0.92,584.5,Hong river Delta,2015,61.89114781872088
Ha Giang,101.0,802.0,101.4,1.64,512.1,Midlands and northern mountains,2015,63.852867830423946
Cao Bang,78.0,522.4,97.8,0.86,360.9,Midlands and northern mountains,2015,69.08499234303216
Bac Kan,64.0,313.1,98.9,1.89,223.5,Midlands and northern mountains,2015,71.3829447460875
Tuyen Quang,130.0,760.3,97.8,0.87,485.5,Midlands and northern mountains,2015,63.856372484545574
Lao Cai,106.0,674.5,102.2,1.41,422.5,Midlands and northern mountains,2015,62.63899184581171
Yen Bai,115.0,792.7,99.8,1.22,512.5,Midlands and northern mountains,2015,64.65245363946008
Thai Nguyen,337.0,1190.6,96.6,3.59,725.5,Midlands and northern mountains,2015,60.935662691080125
Lang Son,91.0,757.9,100.3,0.92,508.5,Midlands and northern mountains,2015,67.09328407441615
Bac Giang,426.0,1640.9,98.7,1.01,1036.1,Midlands and northern mountains,2015,63.1421780730087
Phu Tho,388.0,1369.7,97.3,0.76,822.7,Midlands and northern mountains,2015,60.06424764546981
Dien Bien,57.0,547.8,100.0,1.81,353.2,Midlands and northern mountains,2015,64.47608616283316
Lai Chau,47.0,425.1,99.2,2.2,255.9,Midlands and northern mountains,2015,60.19760056457304
Son La,83.0,1182.4,101.2,1.8,753.1,Midlands and northern mountains,2015,63.6924898511502
Hoa Binh,179.0,824.3,98.5,0.85,555.0,Midlands and northern mountains,2015,67.32985563508431
Thanh Hoa,316.0,3514.2,98.6,0.46,2238.3,North Central and Central Coast,2015,63.6930169028513
Nghe An,186.0,3063.9,99.3,1.4,1892.0,North Central and Central Coast,2015,61.75136264238389
Ha Tinh,210.0,1261.3,96.5,0.48,745.3,North Central and Central Coast,2015,59.08982795528422
Quang Binh,108.0,872.9,100.2,0.55,520.4,North Central and Central Coast,2015,59.6173673960362
Quang Tri,131.0,619.9,97.2,0.58,349.7,North Central and Central Coast,2015,56.41232456847879
Thua Thien Hue,227.0,1140.7,98.4,0.88,636.2,North Central and Central Coast,2015,55.77277110546156
Da Nang,800.0,1028.8,96.6,1.9,547.0,North Central and Central Coast,2015,53.1687402799378
Quang Nam,142.0,1480.3,95.7,0.54,890.2,North Central and Central Coast,2015,60.13645882591368
Quang Ngai,242.0,1246.4,96.8,0.41,760.9,North Central and Central Coast,2015,61.04781771501925
Binh Dinh,251.0,1519.7,95.5,0.38,912.9,North Central and Central Coast,2015,60.071066657893
Phu Yen,177.0,893.4,100.1,0.68,538.6,North Central and Central Coast,2015,60.28654578016567
Khanh Hoa,231.0,1205.3,97.2,0.7,690.5,North Central and Central Coast,2015,57.28864183190907
Ninh Thuan,177.0,595.9,101.8,0.93,343.1,North Central and Central Coast,2015,57.57677462661521
Binh Thuan,156.0,1215.2,100.2,0.63,710.0,North Central and Central Coast,2015,58.426596445029624
Kon Tum,51.0,495.9,114.0,2.41,293.2,Highlands,2015,59.124823553135705
Gia Lai,90.0,1397.4,93.6,1.42,842.4,Highlands,2015,60.28338342636324
Dak Lak,141.0,1853.7,101.3,1.12,1128.1,Highlands,2015,60.85666504828181
Dak Nong,90.0,587.8,102.3,2.9,374.0,Highlands,2015,63.62708404219123
Lam Dong,130.0,1273.1,101.0,1.1,778.1,Highlands,2015,61.118529573482064
Binh Phuoc,137.0,944.4,96.5,1.27,573.0,South East,2015,60.673443456162644
Tay Ninh,276.0,1111.5,99.0,0.66,643.9,South East,2015,57.93072424651372
Binh Duong,723.0,1947.2,93.3,3.04,1270.8,South East,2015,65.26294165981923
Dong Nai,492.0,2905.8,94.5,2.08,1630.3,South East,2015,56.10503131667699
Ba Ria - Vung Tau,539.0,1072.6,99.9,1.84,570.0,South East,2015,53.141898191310844
Ho Chi Minh,3888.0,8146.3,91.8,1.83,4251.4,South East,2015,52.18810993948172
Long An,330.0,1484.7,98.7,0.45,893.4,Mekong Delta,2015,60.17377247928874
Tien Giang,689.0,1728.7,96.3,0.7,1080.9,Mekong Delta,2015,62.526754208364665
Ben Tre,536.0,1263.7,96.4,0.12,809.4,Mekong Delta,2015,64.05001186990583
Tra Vinh,442.0,1034.6,95.9,0.52,611.1,Mekong Delta,2015,59.06630581867389
Vinh Long,687.0,1045.0,97.1,0.34,627.6,Mekong Delta,2015,60.057416267942585
Dong Thap,498.0,1684.3,99.2,0.17,1017.5,Mekong Delta,2015,60.41085317342516
An Giang,610.0,2158.3,98.1,0.12,1218.9,Mekong Delta,2015,56.47500347495714
Kien Giang,277.0,1761.0,100.4,0.89,1005.1,Mekong Delta,2015,57.075525269733106
Can Tho,886.0,1248.0,99.1,0.79,693.1,Mekong Delta,2015,55.53685897435897
Hau Giang,481.0,770.4,97.7,0.27,462.9,Mekong Delta,2015,60.08566978193146
Soc Trang,396.0,1310.7,98.4,0.23,704.1,Mekong Delta,2015,53.719386587319754
Bac Lieu,357.0,882.0,101.3,0.47,506.5,Mekong Delta,2015,57.426303854875286
Ca Mau,230.0,1218.9,100.6,0.21,704.1,Mekong Delta,2015,57.765198129460984
Ha Noi,2182.0,7328.4,96.2,1.5,3822.5,Hong river Delta,2016,52.160089514764486
Vinh Phuc,863.0,1066.0,96.8,1.09,629.8,Hong river Delta,2016,59.08067542213883
Bac Ninh,1432.0,1178.6,96.8,2.07,666.9,Hong river Delta,2016,56.5840828101137
Quang Ninh,198.0,1224.6,100.5,1.3,691.9,Hong river Delta,2016,56.500081659317324
Hai Duong,1070.0,1785.8,96.0,0.64,1035.2,Hong river Delta,2016,57.96841751595924
Hai Phong,1268.0,1980.8,98.9,0.89,1131.6,Hong river Delta,2016,57.12843295638126
Hung Yen,1258.0,1170.2,96.6,0.52,704.4,Hong river Delta,2016,60.19483848914715
Thai Binh,1128.0,1790.0,93.6,0.04,1104.7,Hong river Delta,2016,61.71508379888269
Ha Nam,932.0,803.7,97.8,0.13,473.4,Hong river Delta,2016,58.90257558790593
Nam Dinh,1110.0,1852.6,96.1,0.11,1148.0,Hong river Delta,2016,61.966965346000215
Ninh Binh,687.0,953.1,99.6,0.92,585.4,Hong river Delta,2016,61.42062742629314
Ha Giang,103.0,816.1,101.4,2.32,524.8,Midlands and northern mountains,2016,64.30584487195196
Cao Bang,79.0,529.8,98.2,1.05,360.9,Midlands and northern mountains,2016,68.12004530011325
Bac Kan,66.0,319.0,96.9,1.88,228.8,Midlands and northern mountains,2016,71.72413793103448
Tuyen Quang,131.0,766.9,96.8,0.86,482.9,Midlands and northern mountains,2016,62.96779241100534
Lao Cai,108.0,684.3,102.1,1.45,432.8,Midlands and northern mountains,2016,63.24711383895952
Yen Bai,116.0,800.1,99.9,0.91,519.4,Midlands and northern mountains,2016,64.91688538932632
Thai Nguyen,348.0,1227.4,96.6,2.34,729.9,Midlands and northern mountains,2016,59.46716636793221
Lang Son,92.0,768.7,100.5,1.06,507.9,Midlands and northern mountains,2016,66.07259008716014
Bac Giang,426.0,1657.6,98.7,1.02,1034.5,Midlands and northern mountains,2016,62.40950772200773
Phu Tho,391.0,1381.7,97.3,0.81,819.7,Midlands and northern mountains,2016,59.325468625606135
Dien Bien,58.0,557.4,100.0,1.75,348.4,Midlands and northern mountains,2016,62.50448510943667
Lai Chau,48.0,436.0,97.5,2.48,268.8,Midlands and northern mountains,2016,61.65137614678899
Son La,86.0,1208.0,101.0,1.76,750.8,Midlands and northern mountains,2016,62.1523178807947
Hoa Binh,181.0,831.3,99.7,0.86,553.2,Midlands and northern mountains,2016,66.5463731504872
Thanh Hoa,317.0,3528.3,99.3,0.46,2241.2,North Central and Central Coast,2016,63.5206756795057
Nghe An,188.0,3105.5,100.0,0.83,1878.8,North Central and Central Coast,2016,60.49911447431975
Ha Tinh,211.0,1266.7,96.6,0.43,718.4,North Central and Central Coast,2016,56.71429699218441
Quang Binh,110.0,877.7,100.2,0.55,531.1,North Central and Central Coast,2016,60.51042497436482
Quang Tri,135.0,623.5,96.4,0.59,348.9,North Central and Central Coast,2016,55.95829991980753
Thua Thien Hue,235.0,1149.8,98.8,0.72,631.7,North Central and Central Coast,2016,54.939989563402335
Da Nang,814.0,1046.2,97.1,1.8,556.1,North Central and Central Coast,2016,53.15427260562034
Quang Nam,141.0,1487.7,95.7,0.47,902.0,North Central and Central Coast,2016,60.63050346171943
Quang Ngai,243.0,1251.5,97.6,0.63,767.4,North Central and Central Coast,2016,61.31841789852177
Binh Dinh,251.0,1524.6,95.5,0.29,931.4,North Central and Central Coast,2016,61.091433818706555
Phu Yen,179.0,899.4,100.0,0.68,545.7,North Central and Central Coast,2016,60.67378252168113
Khanh Hoa,236.0,1213.8,96.9,0.7,689.6,North Central and Central Coast,2016,56.813313560718406
Ninh Thuan,179.0,601.4,101.8,0.92,347.7,North Central and Central Coast,2016,57.815098104423015
Binh Thuan,154.0,1222.7,100.2,0.63,716.3,North Central and Central Coast,2016,58.583462828167164
Kon Tum,52.0,507.8,114.1,2.4,300.9,Highlands,2016,59.25561244584482
Gia Lai,91.0,1417.3,98.3,1.42,856.6,Highlands,2016,60.43886262612009
Dak Lak,144.0,1874.5,101.3,1.12,1149.4,Highlands,2016,61.317684715924244
Dak Nong,93.0,605.4,106.9,3.51,381.3,Highlands,2016,62.98315163528246
Lam Dong,132.0,1288.2,101.6,1.01,793.8,Highlands,2016,61.62086632510479
Binh Phuoc,139.0,956.4,96.5,1.28,581.1,South East,2016,60.75909661229611
Tay Ninh,277.0,1118.8,100.1,0.66,651.4,South East,2016,58.22309617447266
Binh Duong,741.0,1995.8,93.4,3.39,1280.1,South East,2016,64.1396933560477
Dong Nai,505.0,2963.8,94.1,2.21,1634.7,South East,2016,55.1555435589446
Ba Ria - Vung Tau,551.0,1092.0,100.2,1.04,598.0,South East,2016,54.761904761904766
Ho Chi Minh,4025.0,8297.5,91.9,1.96,4335.7,South East,2016,52.25308827960229
Long An,332.0,1490.6,98.7,0.43,899.4,Mekong Delta,2016,60.33811887830404
Tien Giang,693.0,1740.2,96.3,0.7,1101.8,Mekong Delta,2016,63.31456154465004
Ben Tre,528.0,1265.2,96.6,0.12,807.3,Mekong Delta,2016,63.80809358204236
Tra Vinh,441.0,1040.5,95.6,0.57,615.5,Mekong Delta,2016,59.15425276309466
Vinh Long,687.0,1048.6,97.2,0.34,630.4,Mekong Delta,2016,60.11825290864009
Dong Thap,499.0,1687.3,99.2,0.18,1112.1,Mekong Delta,2016,65.91003378178154
An Giang,611.0,2159.9,98.1,0.07,1228.3,Mekong Delta,2016,56.868373535811834
Kien Giang,280.0,1776.7,100.4,0.89,1006.2,Mekong Delta,2016,56.63308380705803
Can Tho,874.0,1257.9,99.3,1.17,712.9,Mekong Delta,2016,56.673821448445814
Hau Giang,476.0,772.5,95.9,0.26,471.7,Mekong Delta,2016,61.06148867313915
Soc Trang,396.0,1312.5,98.4,0.14,712.1,Mekong Delta,2016,54.2552380952381
Bac Lieu,332.0,886.2,101.3,0.47,513.0,Mekong Delta,2016,57.88761002031144
Ca Mau,234.0,1222.6,100.4,0.3,708.6,Mekong Delta,2016,57.958449206608876
Ha Noi,2209.0,7420.1,98.0,1.99,4024.2,Hong river Delta,2017,54.233770434360714
Vinh Phuc,874.0,1079.5,97.8,1.54,625.3,Hong river Delta,2017,57.92496526169523
Bac Ninh,1477.0,1215.2,97.4,3.17,735.6,Hong river Delta,2017,60.53324555628703
Quang Ninh,201.0,1243.6,103.6,1.9,728.1,Hong river Delta,2017,58.54776455451914
Hai Duong,1077.0,1797.3,98.2,0.97,1071.7,Hong river Delta,2017,59.62833138596785
Hai Phong,1279.0,1997.7,98.7,0.81,1136.0,Hong river Delta,2017,56.86539520448516
Hung Yen,1265.0,1176.3,99.6,1.1,716.1,Hong river Delta,2017,60.877327212445806
Thai Binh,1129.0,1791.5,94.5,0.43,1120.1,Hong river Delta,2017,62.52302539771141
Ha Nam,935.0,805.7,96.7,0.91,487.4,Hong river Delta,2017,60.49398038972321
Nam Dinh,1111.0,1853.3,95.8,-0.24,1051.9,Hong river Delta,2017,56.758215075810725
Ninh Binh,694.0,961.9,99.1,0.9,576.9,Hong river Delta,2017,59.97504938143258
Ha Giang,105.0,833.5,101.6,1.62,514.8,Midlands and northern mountains,2017,61.76364727054589
Cao Bang,80.0,535.4,100.0,0.42,347.8,Midlands and northern mountains,2017,64.96077698916697
Bac Kan,67.0,323.2,103.6,0.72,208.7,Midlands and northern mountains,2017,64.5730198019802
Tuyen Quang,132.0,773.5,101.2,0.93,472.3,Midlands and northern mountains,2017,61.060116354234005
Lao Cai,109.0,694.4,103.0,1.74,433.6,Midlands and northern mountains,2017,62.44239631336406
Yen Bai,117.0,807.3,101.0,0.87,511.3,Midlands and northern mountains,2017,63.33457203022421
Thai Nguyen,356.0,1255.1,96.1,1.07,763.2,Midlands and northern mountains,2017,60.80790375268904
Lang Son,94.0,778.4,103.5,0.69,491.6,Midlands and northern mountains,2017,63.155190133607405
Bac Giang,430.0,1674.4,100.3,2.35,1063.7,Midlands and northern mountains,2017,63.52723363592929
Phu Tho,394.0,1392.9,98.5,1.52,841.6,Midlands and northern mountains,2017,60.42070500394859
Dien Bien,59.0,567.0,102.2,1.96,333.7,Midlands and northern mountains,2017,58.85361552028219
Lai Chau,49.0,446.1,103.8,1.88,267.8,Midlands and northern mountains,2017,60.0313830979601
Son La,87.0,1228.9,102.4,1.55,748.2,Midlands and northern mountains,2017,60.88371714541459
Hoa Binh,183.0,838.8,99.7,0.95,543.3,Midlands and northern mountains,2017,64.77110157367669
Thanh Hoa,319.0,3544.4,99.2,0.92,2253.4,North Central and Central Coast,2017,63.57634578490013
Nghe An,190.0,3131.3,99.6,1.36,1911.6,North Central and Central Coast,2017,61.04812697601635
Ha Tinh,212.0,1272.2,98.7,0.59,705.0,North Central and Central Coast,2017,55.415815123408265
Quang Binh,110.0,882.5,100.2,0.58,527.5,North Central and Central Coast,2017,59.773371104815865
Quang Tri,136.0,627.3,98.2,0.61,345.8,North Central and Central Coast,2017,55.12513948668899
Thua Thien Hue,235.0,1154.3,97.9,0.48,615.9,North Central and Central Coast,2017,53.35701290825609
Da Nang,828.0,1064.1,97.2,1.62,594.8,North Central and Central Coast,2017,55.89700216145099
Quang Nam,141.0,1493.8,96.5,0.51,879.4,North Central and Central Coast,2017,58.86999598339805
Quang Ngai,245.0,1261.6,97.7,0.12,746.9,North Central and Central Coast,2017,59.20259987317692
Binh Dinh,252.0,1529.0,96.1,0.0,893.7,North Central and Central Coast,2017,58.44996729888816
Phu Yen,180.0,904.4,101.0,0.22,514.4,North Central and Central Coast,2017,56.87748783724016
Khanh Hoa,238.0,1222.2,98.8,0.76,697.2,North Central and Central Coast,2017,57.0446735395189
Ninh Thuan,181.0,607.0,100.3,0.67,335.9,North Central and Central Coast,2017,55.337726523887966
Binh Thuan,106.0,5778.5,100.9,0.57,715.6,North Central and Central Coast,2017,12.38383663580514
Kon Tum,54.0,520.0,101.3,2.41,304.1,Highlands,2017,58.48076923076923
Gia Lai,93.0,1437.4,100.5,1.51,879.4,Highlands,2017,61.17990816752469
Dak Lak,146.0,1896.6,101.8,0.76,1084.9,Highlands,2017,57.20236212169145
Dak Nong,96.0,625.6,106.7,1.76,365.8,Highlands,2017,58.47186700767263
Lam Dong,133.0,1298.9,101.4,0.79,733.6,Highlands,2017,56.47855878050658
Binh Phuoc,141.0,968.9,102.0,1.03,593.4,South East,2017,61.24471049643926
Tay Ninh,279.0,1126.2,99.7,1.0,692.2,South East,2017,61.463328005682826
Binh Duong,769.0,2071.0,99.5,4.13,1492.1,South East,2017,72.04732013520038
Dong Nai,516.0,3027.3,100.2,1.81,1738.7,South East,2017,57.43401711095696
Ba Ria - Vung Tau,556.0,1101.6,100.6,0.86,606.6,South East,2017,55.06535947712419
Ho Chi Minh,4097.0,8444.6,94.5,2.01,4578.7,South East,2017,54.22044857068422
Long An,333.0,1496.8,99.3,1.04,996.3,Mekong Delta,2017,66.56199893105291
Tien Giang,698.0,1751.8,96.3,0.67,1102.3,Mekong Delta,2017,62.92384975453819
Ben Tre,529.0,1266.7,95.9,0.3,814.5,Mekong Delta,2017,64.30093944896187
Tra Vinh,443.0,1045.6,97.0,0.05,593.2,Mekong Delta,2017,56.73297628156083
Vinh Long,688.0,1050.2,97.1,-0.02,610.5,Mekong Delta,2017,58.13178442201485
Dong Thap,500.0,1690.3,99.8,-0.4,975.6,Mekong Delta,2017,57.71756492930249
An Giang,611.0,2161.7,98.6,-1.12,1096.2,Mekong Delta,2017,50.71008928158395
Kien Giang,282.0,1792.6,102.6,0.24,954.9,Mekong Delta,2017,53.26899475622001
Can Tho,885.0,1272.8,98.4,0.64,726.2,Mekong Delta,2017,57.05531112507857
Hau Giang,478.0,774.6,100.1,-0.38,455.8,Mekong Delta,2017,58.84327394784405
Soc Trang,397.0,1314.3,99.3,-0.75,674.4,Mekong Delta,2017,51.31248573385072
Bac Lieu,335.0,894.3,100.0,0.55,514.5,Mekong Delta,2017,57.531029855753104
Ca Mau,235.0,1226.3,102.3,-0.1,683.7,Mekong Delta,2017,55.75307836581588
Ha Noi,2239.0,7520.7,98.1,2.23,4064.8,Hong river Delta,2018,54.048160410600076
Vinh Phuc,884.0,1092.4,98.1,1.36,630.5,Hong river Delta,2018,57.71695349688758
Bac Ninh,1516.0,1247.5,96.8,3.05,751.6,Hong river Delta,2018,60.24849699398798
Quang Ninh,205.0,1266.5,103.6,1.46,734.7,Hong river Delta,2018,58.010264508487964
Hai Duong,1083.0,1807.5,98.5,1.46,1067.6,Hong river Delta,2018,59.06500691562931
Hai Phong,1289.0,2013.8,98.7,0.75,1138.2,Hong river Delta,2018,56.52001191776741
Hung Yen,1278.0,1188.9,99.8,1.1,717.9,Hong river Delta,2018,60.38354781731011
Thai Binh,1130.0,1793.2,94.7,0.43,1121.3,Hong river Delta,2018,62.53067142538479
Ha Nam,938.0,808.2,96.8,0.88,487.7,Hong river Delta,2018,60.343974263796085
Nam Dinh,1111.0,1854.4,95.9,-0.22,1044.6,Hong river Delta,2018,56.330888697152716
Ninh Binh,702.0,973.3,99.2,0.96,586.2,Hong river Delta,2018,60.2280900030823
Ha Giang,107.0,846.5,101.9,1.54,532.8,Midlands and northern mountains,2018,62.94152392203189
Cao Bang,81.0,540.4,100.2,0.43,351.9,Midlands and northern mountains,2018,65.11843079200592
Bac Kan,67.0,327.9,103.8,0.7,216.5,Midlands and northern mountains,2018,66.0262275083867
Tuyen Quang,133.0,780.1,101.3,1.02,480.6,Midlands and northern mountains,2018,61.607486219715426
Lao Cai,111.0,705.6,103.2,1.73,444.2,Midlands and northern mountains,2018,62.95351473922902
Yen Bai,118.0,815.6,101.1,0.9,519.6,Midlands and northern mountains,2018,63.70769985286906
Thai Nguyen,360.0,1268.3,95.9,1.39,767.2,Midlands and northern mountains,2018,60.49042024757551
Lang Son,95.0,790.5,104.1,0.93,493.9,Midlands and northern mountains,2018,62.47944339025933
Bac Giang,434.0,1691.8,100.5,2.34,1088.1,Midlands and northern mountains,2018,64.31611301572289
Phu Tho,397.0,1404.2,98.6,1.34,848.0,Midlands and northern mountains,2018,60.39025779803446
Dien Bien,60.0,576.7,102.5,1.92,341.4,Midlands and northern mountains,2018,59.19889023755851
Lai Chau,50.0,456.3,103.8,2.0,274.3,Midlands and northern mountains,2018,60.11396011396012
Son La,88.0,1242.7,102.6,1.62,758.6,Midlands and northern mountains,2018,61.044499879295074
Hoa Binh,184.0,846.1,99.8,0.65,553.0,Midlands and northern mountains,2018,65.35870464484104
Thanh Hoa,320.0,3558.2,99.4,0.77,2261.2,North Central and Central Coast,2018,63.54898544207745
Nghe An,192.0,3157.1,99.8,1.38,1909.6,North Central and Central Coast,2018,60.48588894871876
Ha Tinh,213.0,1277.5,98.8,0.49,707.0,North Central and Central Coast,2018,55.342465753424655
Quang Binh,111.0,887.6,100.6,0.61,527.7,North Central and Central Coast,2018,59.45245606128887
Quang Tri,136.0,630.6,98.2,0.7,346.4,North Central and Central Coast,2018,54.93181097367585
Thua Thien Hue,237.0,1163.6,97.9,0.19,615.0,North Central and Central Coast,2018,52.8532141629426
Da Nang,841.0,1080.7,97.2,1.51,601.4,North Central and Central Coast,2018,55.6491163135005
Quang Nam,142.0,1501.1,96.7,0.5,883.4,North Central and Central Coast,2018,58.85017653720605
Quang Ngai,247.0,1272.8,97.7,0.13,746.7,North Central and Central Coast,2018,58.6659333752357
Binh Dinh,253.0,1534.8,96.5,0.0,907.3,North Central and Central Coast,2018,59.11519416210581
Phu Yen,181.0,909.5,101.1,0.17,524.5,North Central and Central Coast,2018,57.6690489279824
Khanh Hoa,240.0,1232.4,98.9,0.67,702.2,North Central and Central Coast,2018,56.97825381369685
Ninh Thuan,182.0,611.8,100.4,0.6,337.5,North Central and Central Coast,2018,55.16508662961752
Binh Thuan,108.0,5871.0,100.9,0.56,723.8,North Central and Central Coast,2018,12.328393800034066
Kon Tum,55.0,535.0,101.2,2.37,307.6,Highlands,2018,57.49532710280374
Gia Lai,94.0,1458.5,100.5,1.82,890.0,Highlands,2018,61.02159753171066
Dak Lak,147.0,1919.2,101.7,0.61,1096.9,Highlands,2018,57.15402250937891
Dak Nong,99.0,645.4,106.5,1.74,367.4,Highlands,2018,56.92593740316083
Lam Dong,134.0,1312.9,101.4,0.79,748.8,Highlands,2018,57.03404676669967
Binh Phuoc,142.0,979.6,101.8,1.26,588.8,South East,2018,60.106165781951816
Tay Ninh,280.0,1133.4,99.8,0.83,676.9,South East,2018,59.722957473089814
Binh Duong,803.0,2163.6,100.4,5.3,1562.2,South East,2018,72.2037345165465
Dong Nai,526.0,3086.1,100.4,1.67,1765.1,South East,2018,57.19516541913742
Ba Ria - Vung Tau,562.0,1112.9,100.7,0.98,610.1,South East,2018,54.82073861083655
Ho Chi Minh,4171.0,8598.7,94.8,2.24,4684.9,South East,2018,54.48381732122297
Long An,334.0,1503.1,99.4,1.0,1006.7,Mekong Delta,2018,66.97491850176303
Tien Giang,702.0,1762.3,96.3,0.41,1125.8,Mekong Delta,2018,63.88242637462407
Ben Tre,530.0,1268.2,95.9,0.27,814.5,Mekong Delta,2018,64.22488566472165
Tra Vinh,445.0,1049.8,97.0,0.07,588.1,Mekong Delta,2018,56.020194322728145
Vinh Long,689.0,1051.8,97.1,0.01,607.9,Mekong Delta,2018,57.79615896558281
Dong Thap,500.0,1693.3,99.8,-0.4,1055.7,Mekong Delta,2018,62.3457154668399
An Giang,612.0,2164.2,98.6,-1.18,1078.7,Mekong Delta,2018,49.84289806857038
Kien Giang,285.0,1810.5,102.7,0.31,946.2,Mekong Delta,2018,52.26180613090307
Can Tho,891.0,1282.3,98.4,0.44,731.0,Mekong Delta,2018,57.00694065351322
Hau Giang,479.0,776.7,100.0,-0.32,450.7,Mekong Delta,2018,58.02755246555942
Soc Trang,397.0,1315.9,99.3,-0.78,670.1,Mekong Delta,2018,50.923322440914966
Bac Lieu,336.0,897.0,100.1,0.58,516.7,Mekong Delta,2018,57.603121516165004
Ca Mau,236.0,1229.6,102.5,-0.12,688.3,Mekong Delta,2018,55.9775536759922
Ha Noi,2410.0,8093.9,98.32,2.27,4118.3,Hong river Delta,2019,50.881528064344764
Vinh Phuc,934.0,1154.8,99.32,1.45,647.4,Hong river Delta,2019,56.06165569795636
Bac Ninh,1676.0,1378.6,97.62,3.08,777.7,Hong river Delta,2019,56.41230233570289
Quang Ninh,214.0,1324.8,103.48,1.61,734.5,Hong river Delta,2019,55.44233091787439
Hai Duong,1137.0,1896.9,98.8,1.02,1070.8,Hong river Delta,2019,56.4499973641204
Hai Phong,1302.0,2033.3,98.74,0.83,1111.1,Hong river Delta,2019,54.645158117346185
Hung Yen,1350.0,1255.8,100.25,1.08,726.8,Hong river Delta,2019,57.87545787545787
Thai Binh,1174.0,1862.2,94.84,0.43,1133.1,Hong river Delta,2019,60.84738481366125
Ha Nam,991.0,854.5,96.97,0.87,486.9,Hong river Delta,2019,56.98069046225863
Nam Dinh,1067.0,1780.9,96.05,-0.19,1050.1,Hong river Delta,2019,58.964568476612946
Ninh Binh,710.0,984.5,99.24,1.01,581.5,Hong river Delta,2019,59.0655154900965
Ha Giang,108.0,858.1,102.14,1.37,533.0,Midlands and northern mountains,2019,62.113972730450996
Cao Bang,79.0,530.9,100.39,0.42,348.9,Midlands and northern mountains,2019,65.71859107176493
Bac Kan,65.0,314.4,104.07,0.74,211.0,Midlands and northern mountains,2019,67.1119592875318
Tuyen Quang,134.0,786.3,101.43,1.02,489.8,Midlands and northern mountains,2019,62.291746152867866
Lao Cai,115.0,733.3,103.45,1.74,435.5,Midlands and northern mountains,2019,59.3890631392336
Yen Bai,119.0,823.0,101.25,1.04,520.4,Midlands and northern mountains,2019,63.23207776427703
Thai Nguyen,366.0,1290.9,95.64,1.37,777.2,Midlands and northern mountains,2019,60.20605778913936
Lang Son,94.0,782.8,104.49,0.9,500.0,Midlands and northern mountains,2019,63.873275421563626
Bac Giang,465.0,1810.4,100.77,1.85,1107.9,Midlands and northern mountains,2019,61.196420680512595
Phu Tho,415.0,1466.4,98.95,1.16,850.5,Midlands and northern mountains,2019,57.99918166939443
Dien Bien,63.0,601.7,102.82,1.89,351.4,Midlands and northern mountains,2019,58.40119660960611
Lai Chau,51.0,462.6,103.83,2.04,283.4,Midlands and northern mountains,2019,61.26242974492001
Son La,89.0,1252.7,102.8,1.59,771.0,Midlands and northern mountains,2019,61.54705835395545
Hoa Binh,186.0,855.8,99.97,0.63,556.2,Midlands and northern mountains,2019,64.99182051881282
Thanh Hoa,328.0,3645.8,99.6,0.4,2295.0,North Central and Central Coast,2019,62.949146963629374
Nghe An,202.0,3337.2,100.11,1.39,1926.1,North Central and Central Coast,2019,57.71604938271605
Ha Tinh,215.0,1290.3,98.88,0.76,707.2,North Central and Central Coast,2019,54.80895915678525
Quang Binh,112.0,896.6,100.72,0.61,516.1,North Central and Central Coast,2019,57.5619005130493
Quang Tri,137.0,633.4,98.33,0.59,350.6,North Central and Central Coast,2019,55.352068203347024
Thua Thien Hue,230.0,1129.5,97.96,0.36,621.0,North Central and Central Coast,2019,54.980079681274894
Da Nang,888.0,1141.1,97.19,2.4,606.7,North Central and Central Coast,2019,53.16799579353256
Quang Nam,142.0,1497.5,96.8,0.45,896.2,North Central and Central Coast,2019,59.84641068447413
Quang Ngai,239.0,1231.9,97.75,0.11,739.2,North Central and Central Coast,2019,60.004870525204964
Binh Dinh,245.0,1487.8,97.03,0.0,891.2,North Central and Central Coast,2019,59.90052426401399
Phu Yen,174.0,873.2,101.22,0.19,521.1,North Central and Central Coast,2019,59.677049931287215
Khanh Hoa,240.0,1232.8,99.05,0.68,695.2,North Central and Central Coast,2019,56.391953277092796
Ninh Thuan,176.0,591.0,100.57,0.37,338.1,North Central and Central Coast,2019,57.208121827411176
Binh Thuan,108.0,5861.3,100.99,0.41,726.8,North Central and Central Coast,2019,12.39997952672615
Kon Tum,56.0,543.4,101.0,2.08,316.1,Highlands,2019,58.17077659182923
Gia Lai,98.0,1520.2,100.43,1.64,908.1,Highlands,2019,59.73556111038021
Dak Lak,144.0,1872.6,101.7,0.59,1117.6,Highlands,2019,59.681725942539785
Dak Nong,96.0,625.8,106.34,1.69,374.1,Highlands,2019,59.779482262703745
Lam Dong,133.0,1299.3,101.44,0.61,770.1,Highlands,2019,59.27037635649965
Binh Phuoc,145.0,997.8,101.65,1.31,603.8,South East,2019,60.5131288835438
Tay Ninh,290.0,1171.7,99.88,0.95,707.0,South East,2019,60.33967739182384
Binh Duong,912.0,2456.3,101.36,4.74,1647.6,South East,2019,67.07649717054105
Dong Nai,531.0,3113.7,100.68,1.92,1765.9,South East,2019,56.71387738060829
Ba Ria - Vung Tau,582.0,1152.2,100.74,1.22,624.1,South East,2019,54.16594341260198
Ho Chi Minh,4385.0,9038.6,95.07,2.21,4826.0,South East,2019,53.39322461443143
Long An,377.0,1695.1,99.52,0.97,1056.8,Mekong Delta,2019,62.344404459913875
Tien Giang,704.0,1766.3,96.38,0.41,1123.5,Mekong Delta,2019,63.60754118779369
Ben Tre,538.0,1289.1,95.81,0.24,828.8,Mekong Delta,2019,64.29291753936856
Tra Vinh,428.0,1009.3,96.98,0.05,578.7,Mekong Delta,2019,57.336768057069264
Vinh Long,670.0,1022.6,97.1,-0.01,622.4,Mekong Delta,2019,60.86446313318991
Dong Thap,472.0,1598.8,99.87,-0.46,929.4,Mekong Delta,2019,58.131098323742805
An Giang,539.0,1907.4,98.62,-1.22,1002.5,Mekong Delta,2019,52.558456537695285
Kien Giang,272.0,1723.7,102.8,0.32,952.6,Mekong Delta,2019,55.26483726866624
Can Tho,859.0,1236.0,98.39,0.67,720.2,Mekong Delta,2019,58.26860841423949
Hau Giang,451.0,732.2,99.81,-0.37,420.3,Mekong Delta,2019,57.40234908494946
Soc Trang,362.0,1199.5,99.38,-0.77,657.9,Mekong Delta,2019,54.847853272196744
Bac Lieu,340.0,908.2,100.19,0.58,518.1,Mekong Delta,2019,57.046905967848495
Ca Mau,229.0,1194.3,102.63,-0.11,690.9,Mekong Delta,2019,57.849786485807584
Ha Noi,2455.0,8246.6,98.09,1.89,4124.62,Hong river Delta,2020,50.016006596658016
Vinh Phuc,948.0,1171.2,99.35,1.42,634.47,Hong river Delta,2020,54.17264344262295
Bac Ninh,1725.0,1419.1,97.07,2.94,774.57,Hong river Delta,2020,54.581777182721446
Quang Ninh,217.0,1337.6,103.46,0.96,693.57,Hong river Delta,2020,51.851824162679435
Hai Duong,1149.0,1916.8,99.6,1.05,1015.05,Hong river Delta,2020,52.95544657762938
Hai Phong,1315.0,2053.5,97.86,1.0,1077.77,Hong river Delta,2020,52.4845385926467
Hung Yen,1364.0,1269.1,100.58,1.06,722.01,Hong river Delta,2020,56.89149791190607
Thai Binh,1179.0,1870.3,95.05,0.43,1084.33,Hong river Delta,2020,57.97626049296905
Ha Nam,1000.0,861.8,97.13,0.86,466.97,Hong river Delta,2020,54.185425852866096
Nam Dinh,1067.0,1780.3,96.05,-0.03,1025.16,Hong river Delta,2020,57.583553333707805
Ninh Binh,717.0,993.9,99.61,0.95,563.57,Hong river Delta,2020,56.70288761444814
Ha Giang,110.0,870.2,102.1,1.42,529.36,Midlands and northern mountains,2020,60.831992645368885
Cao Bang,80.0,533.1,100.35,0.42,348.99,Midlands and northern mountains,2020,65.46426561620709
Bac Kan,65.0,316.5,103.59,0.66,205.97,Midlands and northern mountains,2020,65.07740916271722
Tuyen Quang,135.0,792.9,101.41,0.84,480.5,Midlands and northern mountains,2020,60.600327910203056
Lao Cai,117.0,746.4,103.78,1.78,432.98,Midlands and northern mountains,2020,58.00911039657021
Yen Bai,121.0,831.6,101.35,1.04,521.21,Midlands and northern mountains,2020,62.675565175565175
Thai Nguyen,371.0,1307.9,95.51,1.31,769.91,Midlands and northern mountains,2020,58.866121263093504
Lang Son,95.0,788.7,104.7,0.75,487.72,Midlands and northern mountains,2020,61.83846836566502
Bac Giang,473.0,1841.6,101.01,1.72,1102.8,Midlands and northern mountains,2020,59.88271068635969
Phu Tho,419.0,1481.9,98.57,1.06,847.42,Midlands and northern mountains,2020,57.18469532357109
Dien Bien,64.0,613.5,103.13,1.96,353.09,Midlands and northern mountains,2020,57.55338223308883
Lai Chau,52.0,469.8,103.04,1.55,284.14,Midlands and northern mountains,2020,60.481055768412084
Son La,90.0,1270.6,102.94,1.43,770.54,Midlands and northern mountains,2020,60.64379033527467
Hoa Binh,188.0,861.2,101.0,0.63,531.02,Midlands and northern mountains,2020,61.66047375754761
Thanh Hoa,330.0,3664.9,98.81,0.53,2225.48,North Central and Central Coast,2020,60.724167098693
Nghe An,204.0,3365.2,100.28,0.84,1926.96,North Central and Central Coast,2020,57.26138119576846
Ha Tinh,216.0,1296.6,98.12,0.49,671.83,North Central and Central Coast,2020,51.814746259447794
Quang Binh,113.0,902.0,100.83,0.6,505.26,North Central and Central Coast,2020,56.01552106430155
Quang Tri,138.0,637.3,98.33,0.6,348.11,North Central and Central Coast,2020,54.62262670641771
Thua Thien Hue,231.0,1133.7,98.06,0.37,583.7,North Central and Central Coast,2020,51.48628384934286
Da Nang,910.0,1169.5,97.91,2.48,586.19,North Central and Central Coast,2020,50.123129542539544
Quang Nam,142.0,1505.0,96.82,0.51,891.18,North Central and Central Coast,2020,59.21461794019933
Quang Ngai,239.0,1233.4,97.76,0.12,731.69,North Central and Central Coast,2020,59.323009567050434
Binh Dinh,245.0,1487.9,97.05,0.01,864.5,North Central and Central Coast,2020,58.10202298541568
Phu Yen,174.0,874.3,101.18,0.13,510.68,North Central and Central Coast,2020,58.41015669678601
Khanh Hoa,241.0,1240.4,99.19,0.62,671.7,North Central and Central Coast,2020,54.15188648822961
Ninh Thuan,177.0,593.6,102.08,0.44,328.29,North Central and Central Coast,2020,55.304919137466314
Binh Thuan,109.0,5932.1,101.13,0.57,712.01,North Central and Central Coast,2020,12.002663474991992
Kon Tum,57.0,555.6,100.83,2.24,312.8,Highlands,2020,56.299496040316775
Gia Lai,99.0,1541.8,100.57,1.43,898.84,Highlands,2020,58.29809313789078
Dak Lak,145.0,1886.9,101.87,0.77,1101.7,Highlands,2020,58.38677195399862
Dak Nong,98.0,637.9,104.98,1.93,373.21,Highlands,2020,58.50603542875059
Lam Dong,134.0,1309.8,101.43,0.8,770.03,Highlands,2020,58.78989158650175
Binh Phuoc,147.0,1011.1,101.64,1.33,603.84,South East,2020,59.721095836217984
Tay Ninh,292.0,1178.3,100.11,0.57,692.83,South East,2020,58.79911737248579
Binh Duong,958.0,2580.6,105.0,5.06,1650.85,South East,2020,63.971557002247536
Dong Nai,542.0,3177.4,103.12,2.05,1767.62,South East,2020,55.63101907219738
Ba Ria - Vung Tau,590.0,1167.9,98.3,1.36,597.38,South East,2020,51.14992721979621
Ho Chi Minh,4476.0,9227.6,94.93,2.09,4769.63,South East,2020,51.6887381334258
Long An,381.0,1713.7,99.68,1.09,1029.33,Mekong Delta,2020,60.064772130477905
Tien Giang,706.0,1772.5,96.15,0.35,1112.13,Mekong Delta,2020,62.743582510578285
Ben Tre,540.0,1292.4,96.03,0.26,827.08,Mekong Delta,2020,63.995666976168366
Tra Vinh,428.0,1009.9,96.85,0.06,561.34,Mekong Delta,2020,55.58372116051095
Vinh Long,670.0,1023.0,97.09,0.03,603.6,Mekong Delta,2020,59.00293255131965
Dong Thap,473.0,1600.0,99.81,0.08,917.35,Mekong Delta,2020,57.334375
An Giang,539.0,1904.5,98.61,-0.15,985.55,Mekong Delta,2020,51.74849041743239
Kien Giang,272.0,1728.9,102.84,0.3,923.98,Mekong Delta,2020,53.44322979929434
Can Tho,862.0,1240.7,98.65,0.39,716.78,Mekong Delta,2020,57.77222535665349
Hau Giang,450.0,729.8,101.38,-0.33,402.33,Mekong Delta,2020,55.128802411619624
Soc Trang,361.0,1195.7,99.34,-0.32,641.91,Mekong Delta,2020,53.68487078698669
Bac Lieu,342.0,913.5,100.15,0.58,507.76,Mekong Delta,2020,55.584017515052
Ca Mau,229.0,1193.9,102.64,-0.03,669.77,Mekong Delta,2020,56.09933830304045
